{"num_games": 60, "reward": -2219.0, "mean_reward": -2466.9, "loss": 115.95567940955878, "epsilon": 0.53603, "num_catastrophe": 22, "_timestamp": 1700015418.8969414, "_runtime": 542.3837983608246, "_step": 60}