{"num_games": 28, "reward": -3818.0, "mean_reward": -3733.1785714285716, "loss": 168.22283085155863, "epsilon": 0.7447900000000001, "num_catastrophe": 38, "_timestamp": 1700046420.0194433, "_runtime": 243.25116324424744, "_step": 28}